,ModelName,IsPretrained,Purpose,Epoch,"DiceAccuracy(threshold=0.5,smoothing=1) median","DiceAccuracy(threshold=0.5,smoothing=1) mean","DiceAccuracy(threshold=0.5,smoothing=1) std","DiceAccuracy(threshold=0.5,smoothing=1) count",DiceLoss(smoothing=1) median,DiceLoss(smoothing=1) mean,DiceLoss(smoothing=1) std,DiceLoss(smoothing=1) count
0,AttDs,pretrained,train,1,0.9268730618059635,0.8289423359557986,0.2426419608605866,20,0.1470035463571548,0.27515681274235243,0.21797757376800642,20
1,AttDs,pretrained,train,2,0.9478688035160303,0.9135039651766419,0.15146376457461572,20,0.06065929122269145,0.23400584738701577,0.22642109006988298,20
2,AttDs,pretrained,train,3,0.9544462226331234,0.953612251766026,0.004990426216947369,20,0.05432789772748945,0.22647737786173816,0.22747632972783371,20
3,AttDs,pretrained,train,4,0.9572091884911061,0.9555950779467821,0.005071094303254295,20,0.051018256694078404,0.22238610871136183,0.22591219685574054,20
4,AttDs,pretrained,train,5,0.9577919691801071,0.9568549839779734,0.0047662099535414225,20,0.04963592812418935,0.2211978085339069,0.226845267440207,20
5,AttDs,pretrained,train,6,0.9595009256154299,0.9587197072803975,0.0039022130883560077,20,0.0465244706720113,0.21578313242644068,0.2212404514198112,20
6,AttDs,pretrained,train,7,0.9599603246897459,0.9591263219714165,0.004526946934342892,20,0.049862669780850355,0.21699076034128661,0.22316228298934868,20
7,AttDs,pretrained,train,8,0.9591343998908997,0.9593214437365531,0.004224093706367562,20,0.0459129326045513,0.2166820609942078,0.2247773440685612,20
8,AttDs,pretrained,train,9,0.9586797840893269,0.958059256337583,0.0049685954226186945,20,0.04868480749428265,0.21967615634202953,0.22776640571744375,20
9,AttDs,pretrained,train,10,0.9607614688575268,0.9596981290727854,0.003484621015819865,20,0.045399112626910154,0.21550700832158323,0.22352634320590872,20
10,AttDs,pretrained,train,11,0.9601202215999365,0.9600974198430776,0.0034125943918541695,20,0.0440363455563783,0.21378139238804575,0.22121484042918815,20
11,AttDs,pretrained,train,12,0.9623245503753424,0.9612404104322195,0.0029410369620634655,20,0.0445350985974073,0.21452002786099905,0.22305428079377507,20
12,AttDs,pretrained,train,13,0.9607978090643884,0.9604811508208513,0.004219830224677467,20,0.044343691319227205,0.21637022197246547,0.22701581797392414,20
13,AttDs,pretrained,train,14,0.9610316678881646,0.9608661469072104,0.0032508747730120853,20,0.04366044886410235,0.21117136534303427,0.21938126003291372,20
14,AttDs,pretrained,train,15,0.9624694101512432,0.9618808744475246,0.003576565010620411,20,0.044208025559782954,0.2092105805873871,0.21832493827584126,20
15,AttDs,pretrained,train,16,0.9622192420065403,0.9613255459815264,0.0036615502523941247,20,0.04320734925568095,0.21264524739235635,0.22266899625868217,20
16,AttDs,pretrained,train,17,0.9609050396829844,0.961379262059927,0.0030721609759836,20,0.04373867809772485,0.21199909206479783,0.22032122706430987,20
17,AttDs,pretrained,train,18,0.9620735328644515,0.9621910456568002,0.0022061778269523366,20,0.04253627546131605,0.20910061970353122,0.21751180318330407,20
18,AttDs,pretrained,train,19,0.9608732219785452,0.9606252757832408,0.0029484671805003622,20,0.04519799351692195,0.21229027621448035,0.21980423430020946,20
19,AttDs,pretrained,train,20,0.961106825619936,0.9604977065697312,0.003717680357891037,20,0.0422813389450311,0.2134157886728644,0.22281283178706035,20
20,AttDs,pretrained,train,21,0.9626782741397619,0.9614196721464395,0.004372598740711902,20,0.04865838028490535,0.2127367857843637,0.22094585178237644,20
21,AttDs,pretrained,train,22,0.9610907714813948,0.9609507210552692,0.0029566559414865036,20,0.0441148784011602,0.21208556387573477,0.21995553158601022,20
22,AttDs,pretrained,train,23,0.963014204055071,0.9617191638797522,0.0036709243549385316,20,0.04446268454194065,0.20916823577135796,0.21841138770881127,20
23,AttDs,pretrained,train,24,0.9614757634699345,0.9616518991068006,0.0034001342910470913,20,0.0427666492760181,0.21298691965639588,0.2237800285505462,20
24,AttDs,pretrained,train,25,0.9622784275561571,0.9611616596579552,0.004446040007546304,20,0.04430308751761905,0.21328595280647272,0.22420253750245722,20
25,AttDs,pretrained,train,26,0.961510680615902,0.9613188175484538,0.002630443598042163,20,0.042980734258890096,0.21189385261386628,0.22103414192653054,20
26,AttDs,pretrained,train,27,0.9630440082401038,0.9616409755311907,0.005526208116362879,20,0.041803076863288796,0.21614368967711922,0.23085277615603547,20
27,AttDs,pretrained,train,28,0.9622964821755887,0.9622074792161583,0.003256885505413374,20,0.0417673476040363,0.21085867322981353,0.22141425801025463,20
28,AttDs,pretrained,train,29,0.9615789018571377,0.9615131022408605,0.004676587955645398,20,0.045200195163488346,0.20959633886814114,0.2191772070895206,20
29,AttDs,pretrained,train,30,0.9618528932332993,0.9612002439796925,0.00321939560568324,20,0.044017506763339,0.2129552790895104,0.2234907965196548,20
30,AttDs,pretrained,validation,1,0.874406710267067,0.7833695389330387,0.22701256865776803,20,0.2334254905581474,0.31267218030989163,0.19534756462355612,20
31,AttDs,pretrained,validation,2,0.9445262625813485,0.9093449352309108,0.1549740436827905,20,0.07146230340003965,0.23508892003446813,0.21863871586201825,20
32,AttDs,pretrained,validation,3,0.9509488139301538,0.949654077552259,0.004858550825278237,20,0.05775992386043065,0.2248051263391971,0.21844225802200457,20
33,AttDs,pretrained,validation,4,0.9541651718318462,0.953470622189343,0.003757407727098118,20,0.05347766354680055,0.22031958438456054,0.21919460869284188,20
34,AttDs,pretrained,validation,5,0.9542765785008669,0.9546022262424231,0.0033832954875109922,20,0.05136753059923645,0.218085815757513,0.21826019692664614,20
35,AttDs,pretrained,validation,6,0.956000005826354,0.955453597009182,0.0028337394047606036,20,0.0511091090738773,0.21684805694967507,0.21793564569677187,20
36,AttDs,pretrained,validation,7,0.956415392458439,0.9561560761183501,0.002933777063039038,20,0.04975161701440805,0.21549589205533262,0.21715713266058895,20
37,AttDs,pretrained,validation,8,0.956035478040576,0.9558572124689817,0.0030759236849863185,20,0.0502040274441242,0.2156959325075149,0.2177365907470491,20
38,AttDs,pretrained,validation,9,0.9568232800811529,0.9564436245709658,0.0028680265603403584,20,0.04965526610612865,0.21484168544411655,0.21707619624795613,20
39,AttDs,pretrained,validation,10,0.9567097183316946,0.9566990723833442,0.002757565626356525,20,0.0491544492542743,0.21479465253651137,0.21775777615934983,20
40,AttDs,pretrained,validation,11,0.9567331131547689,0.9564421728253365,0.002788745791739961,20,0.048551075160503346,0.21436211988329884,0.2173243776888743,20
41,AttDs,pretrained,validation,12,0.9568891488015653,0.9569022478535771,0.002560618012371083,20,0.04828557744622225,0.21382314451038834,0.21660273044850528,20
42,AttDs,pretrained,validation,13,0.9570586364716291,0.9569199522957206,0.002461790594106996,20,0.0484838280826807,0.21393531374633307,0.21706656304695596,20
43,AttDs,pretrained,validation,14,0.9571569636464119,0.9570793019607663,0.002638374904907392,20,0.047726150602102196,0.21364392470568414,0.2173249128156594,20
44,AttDs,pretrained,validation,15,0.9572271034121513,0.9570628309622407,0.002488826481872581,20,0.047873618081212,0.2135810986161232,0.21686838585017965,20
45,AttDs,pretrained,validation,16,0.9570232667028904,0.9569288549944759,0.0027388440937698454,20,0.0484271831810474,0.21300546787679192,0.21629793365727637,20
46,AttDs,pretrained,validation,17,0.9570616539567709,0.9569460481405259,0.002810083964350993,20,0.048859611153602545,0.2132922580465674,0.2165458624948616,20
47,AttDs,pretrained,validation,18,0.957193436101079,0.9569299280643463,0.002955130313047666,20,0.047913081943988745,0.21319515332579608,0.21661159538296546,20
48,AttDs,pretrained,validation,19,0.9571986962109804,0.9569930125027895,0.002612773452916116,20,0.048436751589179,0.2126779885962605,0.2157955230220735,20
49,AttDs,pretrained,validation,20,0.9576584119349718,0.9572567449882626,0.002498552533851219,20,0.0478329993784427,0.21291215829551216,0.21656282044975617,20
50,AttDs,pretrained,validation,21,0.9576242566108704,0.9572126928716898,0.002642807771504418,20,0.0476532932370901,0.21280361078679558,0.21654264602916462,20
51,AttDs,pretrained,validation,22,0.9574755541980267,0.9572259372100234,0.00259960250412671,20,0.04719574935734265,0.21301781777292486,0.21686818804998886,20
52,AttDs,pretrained,validation,23,0.9573163408786058,0.9574596440419555,0.0024474983099531675,20,0.04683693125843995,0.21228274255990978,0.2161088459550741,20
53,AttDs,pretrained,validation,24,0.9571779184043407,0.9571781158447266,0.0024465708346060747,20,0.0471935681998729,0.21244641728699204,0.21593994476686595,20
54,AttDs,pretrained,validation,25,0.9574586860835553,0.9570821695029735,0.0028280519822593965,20,0.0480226352810859,0.21244634035974735,0.21609272078212988,20
55,AttDs,pretrained,validation,26,0.9574686046689749,0.9573312819004058,0.0027347919326192595,20,0.048038640990853254,0.21264786832034582,0.2167498278660434,20
56,AttDs,pretrained,validation,27,0.9574448876082897,0.9573801586404442,0.00277590013603276,20,0.046851987019181196,0.21242382433265444,0.21658196113444794,20
57,AttDs,pretrained,validation,28,0.9575448911637069,0.9575392004102469,0.0025084203888549256,20,0.04710248112678525,0.2125214589759707,0.2169340850353934,20
58,AttDs,pretrained,validation,29,0.9571778532117605,0.9571809455752373,0.0022800044265548214,20,0.047290164977312046,0.21212632823735472,0.21556121386330043,20
59,AttDs,pretrained,validation,30,0.9573516976088285,0.957327339425683,0.002926826927452606,20,0.0477405302226543,0.21239900700747963,0.21661643440902156,20
60,AttDs,pretrained,validation_w/o_arg,1,0.8927361741662025,0.7937750805169344,0.23092210430962878,20,0.21819555014371872,0.3034116107970476,0.19792629249458252,20
61,AttDs,pretrained,validation_w/o_arg,2,0.947735732421279,0.9122062673792243,0.1551319818043595,20,0.06994993239641184,0.23325925506651396,0.2194520011993135,20
62,AttDs,pretrained,validation_w/o_arg,3,0.9524732045829296,0.9518192116171121,0.00447531939021509,20,0.0559481065720319,0.22357830014079805,0.21930682122243877,20
63,AttDs,pretrained,validation_w/o_arg,4,0.9559546709060669,0.9555085519328713,0.0034441809804582496,20,0.05163503065705295,0.2188248639926314,0.21954676901567957,20
64,AttDs,pretrained,validation_w/o_arg,5,0.9571062177419662,0.9566410969942808,0.0033918608155361703,20,0.0506115444004535,0.216874448955059,0.2190500508448687,20
65,AttDs,pretrained,validation_w/o_arg,6,0.9576598461717368,0.9574647458270192,0.0028680298701863585,20,0.0496248118579387,0.2156948877498507,0.2187723561017307,20
66,AttDs,pretrained,validation_w/o_arg,7,0.9580122437328101,0.9576323665678501,0.002903032525534318,20,0.049052745103836004,0.2147781046107411,0.21834610602225174,20
67,AttDs,pretrained,validation_w/o_arg,8,0.9577909428626299,0.9577971804887057,0.003067270861494122,20,0.04861056432127945,0.21421708147972818,0.218100734622489,20
68,AttDs,pretrained,validation_w/o_arg,9,0.9581807404756546,0.9580630963668227,0.0028672798406745867,20,0.0483735837042331,0.2137844732031226,0.21798458635018422,20
69,AttDs,pretrained,validation_w/o_arg,10,0.9583846516907215,0.9582599814981222,0.0028867813894299355,20,0.0481023006141185,0.21341906618326897,0.21780223580736593,20
70,AttDs,pretrained,validation_w/o_arg,11,0.9583622924983501,0.9583384385332465,0.0028517191653990278,20,0.04791346751153465,0.21310711577534672,0.21769176303700513,20
71,AttDs,pretrained,validation_w/o_arg,12,0.9585436917841434,0.9585472295060754,0.00275588426715828,20,0.047656992450356456,0.2128130747005343,0.21763845085441993,20
72,AttDs,pretrained,validation_w/o_arg,13,0.9587669037282467,0.9586728021502495,0.0028458490259847865,20,0.047538064420223194,0.2126377427950501,0.21756850626798177,20
73,AttDs,pretrained,validation_w/o_arg,14,0.958618214353919,0.95868049133569,0.0027448017707328225,20,0.0473972894251346,0.21247326470911498,0.21745869951155225,20
74,AttDs,pretrained,validation_w/o_arg,15,0.9587004296481609,0.9586864586919546,0.002779865016475541,20,0.0474119503051042,0.21233105454593892,0.2173632866298449,20
75,AttDs,pretrained,validation_w/o_arg,16,0.9589303620159626,0.958704231120646,0.0027951832835430472,20,0.04727640561759465,0.21218031272292132,0.21728896313251175,20
76,AttDs,pretrained,validation_w/o_arg,17,0.9587992765009404,0.9587766211479902,0.0026641485656077567,20,0.047248300164937904,0.21204045712947842,0.21725058548113133,20
77,AttDs,pretrained,validation_w/o_arg,18,0.958921642974019,0.9587993767112494,0.0028366438814310508,20,0.0471374690532684,0.21199213154613972,0.21717124252774647,20
78,AttDs,pretrained,validation_w/o_arg,19,0.9589667581021786,0.9588766776025295,0.00276973907146764,20,0.046995595097541754,0.21180261895060534,0.2171880116215656,20
79,AttDs,pretrained,validation_w/o_arg,20,0.9589409753680229,0.9588832369074225,0.0027108623693485275,20,0.04688733071088785,0.21173713896423574,0.2171294243442762,20
80,AttDs,pretrained,validation_w/o_arg,21,0.9589851796627045,0.9589199382811785,0.0027202129369592377,20,0.046829054132103906,0.2116636238992214,0.2171157063995503,20
81,AttDs,pretrained,validation_w/o_arg,22,0.9589652176946402,0.9589597709476948,0.0026917397501117603,20,0.0467636957764625,0.21157346293330187,0.2171155332161607,20
82,AttDs,pretrained,validation_w/o_arg,23,0.958993449807167,0.9589878849685192,0.002722429604363495,20,0.046757632866501794,0.21151172816753383,0.2170813080934295,20
83,AttDs,pretrained,validation_w/o_arg,24,0.9590204283595086,0.9589639004319906,0.00266575533432902,20,0.04660874418914315,0.21142198052257294,0.21704207798212044,20
84,AttDs,pretrained,validation_w/o_arg,25,0.9589902888983488,0.9588920332491397,0.0028258952897219193,20,0.04658261314034455,0.2113952605053782,0.21698762006135652,20
85,AttDs,pretrained,validation_w/o_arg,26,0.9590563606470823,0.9590166443958879,0.002684935076349486,20,0.0465393736958503,0.2113341730087995,0.21701280834301215,20
86,AttDs,pretrained,validation_w/o_arg,27,0.9590716548264027,0.9589328229427337,0.002817123028038816,20,0.04651414975523945,0.21127222459763284,0.21695182954508938,20
87,AttDs,pretrained,validation_w/o_arg,28,0.9589820038527251,0.95900838971138,0.00266280365678357,20,0.0464856475591659,0.21127977203577752,0.21695940822373957,20
88,AttDs,pretrained,validation_w/o_arg,29,0.9592257458716631,0.9590261310338974,0.0025345483625945366,20,0.046475902199745095,0.2112272275611758,0.2169290703361923,20
89,AttDs,pretrained,validation_w/o_arg,30,0.9591297432780266,0.9590281503275037,0.0027660637288191453,20,0.04643038846552365,0.21115315388888117,0.21692863356867131,20
90,EfficientNet,pretrained,train,1,0.925542164593935,0.7564133992418647,0.35679127623115975,20,0.2670052796602249,0.26540101468563077,0.14993172614303732,20
91,EfficientNet,pretrained,train,2,0.9482244532555343,0.9007576752454043,0.2120279995135274,20,0.21568018198013306,0.22067806813865895,0.1541832569119095,20
92,EfficientNet,pretrained,train,3,0.9554494321346283,0.9554607005789876,0.003926515474492976,20,0.20153664797544474,0.20972216241061684,0.15626320645758338,20
93,EfficientNet,pretrained,train,4,0.9572527091950178,0.9566893730312586,0.00383055893435045,20,0.1967107504606247,0.206148980371654,0.15530828212436015,20
94,EfficientNet,pretrained,train,5,0.9580452535301447,0.9584601409733295,0.002391869469719808,20,0.19324860721826548,0.20281830504536624,0.1526133356759598,20
95,EfficientNet,pretrained,train,6,0.9589159190654755,0.9586168233305216,0.0030381763058615952,20,0.19021172076463694,0.20161857735365624,0.1538999137504524,20
96,EfficientNet,pretrained,train,7,0.9592936094850302,0.959416488558054,0.003391781745599287,20,0.18706017732620234,0.19798585698008536,0.14743098235846705,20
97,EfficientNet,pretrained,train,8,0.959918487817049,0.9597880562767387,0.004536441229460237,20,0.1878227367997169,0.19919060915708536,0.15440288151073214,20
98,EfficientNet,pretrained,train,9,0.959760993719101,0.9592029731720686,0.0035606404784001068,20,0.1854663267731666,0.19868272114545102,0.14977786913386248,20
99,EfficientNet,pretrained,train,10,0.9606510307639837,0.9601359127089382,0.0024036919766270014,20,0.18675083667039866,0.19716121219098565,0.14997680969864546,20
100,EfficientNet,pretrained,train,11,0.9613257274031639,0.9607126524671912,0.002628216093460103,20,0.18592007458209986,0.19615686051547523,0.14812072253536293,20
101,EfficientNet,pretrained,train,12,0.961956899613142,0.9616616642102599,0.0030929084698881346,20,0.18441146612167353,0.19416533391922708,0.14796242908587673,20
102,EfficientNet,pretrained,train,13,0.961163729429245,0.9610540203750133,0.00370308785583757,20,0.1853295490145683,0.1962720306590199,0.1535259619199036,20
103,EfficientNet,pretrained,train,14,0.9616048187017441,0.9611732853576541,0.0028987814216961767,20,0.1836247146129608,0.19538801200687883,0.15071551333746852,20
104,EfficientNet,pretrained,train,15,0.9635789394378662,0.9620525188744068,0.0038678618134514657,20,0.1806939840316772,0.19358325190842146,0.14818294453239597,20
105,EfficientNet,pretrained,train,16,0.9623305276036263,0.9619399709627032,0.0027265062800290616,20,0.1825173273682594,0.19409633222967385,0.1494268553912969,20
106,EfficientNet,pretrained,train,17,0.9614749234169722,0.9616358868777752,0.0030901662863707653,20,0.18228252977132792,0.19474143702536817,0.15019997472444294,20
107,EfficientNet,pretrained,train,18,0.9622896946966648,0.9624810829758644,0.0022528898652917078,20,0.1830359324812889,0.1930206838995218,0.1484758465778467,20
108,EfficientNet,pretrained,train,19,0.962422939017415,0.9610970253124833,0.00354116895283114,20,0.1832422837615013,0.19515823442488905,0.15014584005610923,20
109,EfficientNet,pretrained,train,20,0.9611814580857755,0.9612652938812971,0.002216235560951356,20,0.18203629553318018,0.194197230041027,0.14794761613279991,20
110,EfficientNet,pretrained,train,21,0.96162842027843,0.9616965856403112,0.004194297308619552,20,0.1801081001758575,0.19350986760109662,0.14928174444344325,20
111,EfficientNet,pretrained,train,22,0.9618739206343889,0.9617652196437121,0.002026217310387493,20,0.1812110394239425,0.19372516870498652,0.14786831072382484,20
112,EfficientNet,pretrained,train,23,0.9611196704208851,0.9615470429882407,0.003156912019902034,20,0.18313194066286081,0.19308723714202639,0.14817577151488381,20
113,EfficientNet,pretrained,train,24,0.9619366433471441,0.9622793661430478,0.0028332792818807563,20,0.1809245571494102,0.19326094277203082,0.1498866676912832,20
114,EfficientNet,pretrained,train,25,0.9630597196519375,0.9619235295802355,0.003929576997489262,20,0.1841161102056503,0.19459227528423068,0.15422030202763298,20
115,EfficientNet,pretrained,train,26,0.9619904905557632,0.9622038973495364,0.001899430543124154,20,0.18081005662679672,0.19232354201376436,0.14616456571021066,20
116,EfficientNet,pretrained,train,27,0.9624618515372277,0.9620942291803658,0.004519284459718023,20,0.1792216226458549,0.19286352116614575,0.1501043972145761,20
117,EfficientNet,pretrained,train,28,0.9636909980326891,0.9631657157093286,0.002977086276431517,20,0.1806031093001365,0.19200332462787623,0.14947869779471035,20
118,EfficientNet,pretrained,train,29,0.9624601006507874,0.9622297046706081,0.004306985836097797,20,0.17896523326635355,0.19297154061496252,0.15086946056497583,20
119,EfficientNet,pretrained,train,30,0.9619345963001251,0.9615346737205982,0.0025968056534882438,20,0.18066109716892234,0.19438766743987795,0.1510327289116446,20
120,EfficientNet,pretrained,validation,1,0.8771349750459194,0.7218971230089665,0.3406904197800194,20,0.28271326422691345,0.3002324547618627,0.1398726869401713,20
121,EfficientNet,pretrained,validation,2,0.9478417690843345,0.8999232664704323,0.21184037594024682,20,0.2161197885870933,0.22044750824570652,0.15109540068359986,20
122,EfficientNet,pretrained,validation,3,0.952760174870491,0.9523060018196702,0.0027864269171791315,20,0.20273387432098383,0.20941234417259694,0.1493267480603447,20
123,EfficientNet,pretrained,validation,4,0.9560486786067487,0.9554126976057887,0.0027009985877025793,20,0.19616526365280146,0.20478570926934475,0.1492865134645176,20
124,EfficientNet,pretrained,validation,5,0.9561378788203001,0.9560517905279994,0.0022684721606407317,20,0.1938248053193092,0.20269530601799485,0.14873501794653968,20
125,EfficientNet,pretrained,validation,6,0.9569498877972364,0.9565611181780695,0.002029996242222264,20,0.1916374415159225,0.20095123481005425,0.14789423026420032,20
126,EfficientNet,pretrained,validation,7,0.957327326759696,0.9570143902674317,0.0023586804976553346,20,0.19082127511501307,0.19940148945897812,0.14672099690245236,20
127,EfficientNet,pretrained,validation,8,0.9570283032953739,0.9571389794349671,0.0022086075467565654,20,0.18927464634180063,0.19894503485411402,0.14662808904861382,20
128,EfficientNet,pretrained,validation,9,0.9579031672328711,0.9576425509527325,0.002152352880323858,20,0.1880414634943008,0.19802426379173993,0.1465942982590769,20
129,EfficientNet,pretrained,validation,10,0.9576537236571312,0.9576919132843613,0.0020462176959707297,20,0.18849172443151468,0.1976745020598173,0.14635449199836065,20
130,EfficientNet,pretrained,validation,11,0.9576425850391388,0.957675376161933,0.00187473004493435,20,0.1877076551318168,0.1973427481949329,0.14601697487184456,20
131,EfficientNet,pretrained,validation,12,0.9581784550100565,0.9580002147704363,0.0021920995502920783,20,0.18743830174207687,0.19688443578779694,0.14612710688573585,20
132,EfficientNet,pretrained,validation,13,0.9582560900598764,0.9578848272562027,0.0018843414125232596,20,0.18637256324291224,0.19691177494823928,0.14628752780705148,20
133,EfficientNet,pretrained,validation,14,0.9580541327595712,0.9581567216664553,0.0019271006142044143,20,0.185997225344181,0.19651771225035186,0.14645929715024564,20
134,EfficientNet,pretrained,validation,15,0.9578945171087981,0.9579280825331807,0.0017816243277582737,20,0.1856552511453628,0.19650714788585896,0.14599653709050905,20
135,EfficientNet,pretrained,validation,16,0.957718051970005,0.9578979214653373,0.0018063922633867575,20,0.1855279132723808,0.19630232248455284,0.1457234695200114,20
136,EfficientNet,pretrained,validation,17,0.9580381251871586,0.9580262245610356,0.0019981859207868894,20,0.18592783063650126,0.19624309390783307,0.14648243778141404,20
137,EfficientNet,pretrained,validation,18,0.9581724852323532,0.958267355337739,0.0020211688006999753,20,0.1848821938037872,0.19585526213049884,0.1456578990017762,20
138,EfficientNet,pretrained,validation,19,0.9584442339837551,0.9582268947735428,0.0020011611319329793,20,0.18503134697675705,0.1954310996457934,0.1451431185253725,20
139,EfficientNet,pretrained,validation,20,0.9582518637180328,0.9582628466188907,0.001898110376700103,20,0.1853746399283409,0.19555308539420363,0.145505548537968,20
140,EfficientNet,pretrained,validation,21,0.9582162126898766,0.9581693176180124,0.0019584975729674474,20,0.1851282343268394,0.19556654691696163,0.1456958675285957,20
141,EfficientNet,pretrained,validation,22,0.9588356502354145,0.9585467610508204,0.0018749460765004867,20,0.18492735922336576,0.1953488267958164,0.14606814630943288,20
142,EfficientNet,pretrained,validation,23,0.9582474902272224,0.9582441622391343,0.0013999476925914275,20,0.18478035181760785,0.195345202460885,0.14555982586739197,20
143,EfficientNet,pretrained,validation,24,0.9583916701376439,0.9582807671278715,0.0019958694926141734,20,0.18488353490829465,0.1951848398894071,0.145523040720897,20
144,EfficientNet,pretrained,validation,25,0.9581151660531759,0.9582094956189394,0.0019138282992963353,20,0.18483384698629374,0.19516132827848193,0.14555803403808354,20
145,EfficientNet,pretrained,validation,26,0.9582927953451872,0.9582384530454874,0.0019236597072209087,20,0.18432819843292236,0.19533474259078498,0.14601236705884163,20
146,EfficientNet,pretrained,validation,27,0.9585121776908636,0.9584378765895962,0.0019077065062421163,20,0.18461994826793665,0.1951154580339789,0.14595298921933897,20
147,EfficientNet,pretrained,validation,28,0.9585945680737495,0.9584987569600344,0.0019364620666212395,20,0.18410053849220276,0.19501795861870047,0.14585559554887045,20
148,EfficientNet,pretrained,validation,29,0.9583284761756659,0.9583101350814104,0.001984741873648009,20,0.183716781437397,0.1947591975331306,0.1451636683889194,20
149,EfficientNet,pretrained,validation,30,0.9584141336381435,0.9585493680089712,0.0020815168142663794,20,0.18334820866584775,0.19443849958479403,0.1451061616780262,20
150,EfficientNet,pretrained,validation_w/o_arg,1,0.8987092040479184,0.7311412584036588,0.34508406255130997,20,0.2753475606441498,0.2916915982961654,0.14157391217203294,20
151,EfficientNet,pretrained,validation_w/o_arg,2,0.950026486068964,0.9023501427844167,0.21240539475611037,20,0.2132773920893669,0.21829377152025695,0.15173227517107668,20
152,EfficientNet,pretrained,validation_w/o_arg,3,0.9543935041874647,0.9542338699102402,0.002679283811340969,20,0.20082235336303705,0.2081754053011536,0.14998914233666377,20
153,EfficientNet,pretrained,validation_w/o_arg,4,0.9569740705192089,0.9568219892680645,0.0024797442532878133,20,0.1956671923398971,0.20349937472492452,0.14921721842243157,20
154,EfficientNet,pretrained,validation_w/o_arg,5,0.9580158442258835,0.9577805634588004,0.0023120861495761597,20,0.1925954222679138,0.20112507734447713,0.14850610959418062,20
155,EfficientNet,pretrained,validation_w/o_arg,6,0.9583416786044836,0.9581702271476388,0.002254476553343329,20,0.1908406391739845,0.1996563663706183,0.1478853057782895,20
156,EfficientNet,pretrained,validation_w/o_arg,7,0.9588157646358013,0.9585580281913281,0.002141391269177424,20,0.18933232873678205,0.1985880114138126,0.1475629394055487,20
157,EfficientNet,pretrained,validation_w/o_arg,8,0.9587768819183111,0.9586956588551402,0.001971556799274685,20,0.18834888190031052,0.19784794989973303,0.1471883494222688,20
158,EfficientNet,pretrained,validation_w/o_arg,9,0.9590677991509438,0.9590725000947714,0.0019362446723532238,20,0.187528096139431,0.19717254303395743,0.14702355470432113,20
159,EfficientNet,pretrained,validation_w/o_arg,10,0.9591807480901481,0.9591731974855066,0.0019822885175682908,20,0.18691462278366083,0.19667956233024592,0.14683219707862866,20
160,EfficientNet,pretrained,validation_w/o_arg,11,0.9594494625926019,0.9593238739296794,0.0020031115717968504,20,0.1864003688097,0.196291983500123,0.1466835178107214,20
161,EfficientNet,pretrained,validation_w/o_arg,12,0.9595532938838005,0.9594206085428596,0.0019037606646652664,20,0.18603614717721934,0.19593631196767086,0.1465698858813898,20
162,EfficientNet,pretrained,validation_w/o_arg,13,0.9597852900624275,0.9595095671713352,0.0019546118696767653,20,0.18547809869050974,0.19562583565711972,0.1464514821132532,20
163,EfficientNet,pretrained,validation_w/o_arg,14,0.9596208222210407,0.9595573179423809,0.001935546098322088,20,0.1852120459079742,0.195398018695414,0.14633146207596953,20
164,EfficientNet,pretrained,validation_w/o_arg,15,0.9598583430051804,0.9595864335075021,0.0019050029073397056,20,0.1848819255828857,0.19518761839717622,0.14623972738164906,20
165,EfficientNet,pretrained,validation_w/o_arg,16,0.959879245609045,0.959657609835267,0.001951947590541151,20,0.18460439890623084,0.19499612580984826,0.14617669902376174,20
166,EfficientNet,pretrained,validation_w/o_arg,17,0.9598940797150135,0.9596838684752583,0.001893254801895624,20,0.18435521423816675,0.19482510108500714,0.1461279099220438,20
167,EfficientNet,pretrained,validation_w/o_arg,18,0.9601020496338606,0.9597397051751614,0.0019147555364853223,20,0.18416100740432734,0.1946866888552904,0.14605802784409616,20
168,EfficientNet,pretrained,validation_w/o_arg,19,0.9599631242454052,0.9597444834187627,0.0018786589286984598,20,0.18400941789150235,0.1945235144346952,0.14601595105587922,20
169,EfficientNet,pretrained,validation_w/o_arg,20,0.9600295964628458,0.9597920661792159,0.0018337579694654557,20,0.18390575051307675,0.19440911933779711,0.14600133264626736,20
170,EfficientNet,pretrained,validation_w/o_arg,21,0.9600156396627426,0.9597806798294186,0.0018536701515709058,20,0.18374150246381754,0.19429935961961742,0.14591686039381466,20
171,EfficientNet,pretrained,validation_w/o_arg,22,0.9600058160722256,0.959835278429091,0.0018304344601128765,20,0.18365097790956494,0.19420016873627896,0.14591806904594834,20
172,EfficientNet,pretrained,validation_w/o_arg,23,0.9601671155542135,0.9598694505169988,0.0018334885175023568,20,0.1834259107708931,0.19408027101308103,0.14586579963511404,20
173,EfficientNet,pretrained,validation_w/o_arg,24,0.9601396284997464,0.9598411368206143,0.0018720674849917228,20,0.1833522766828537,0.19400983508676287,0.14585058062789233,20
174,EfficientNet,pretrained,validation_w/o_arg,25,0.9601420611143112,0.9598768191412091,0.0019223556008583574,20,0.18326071649789805,0.19393747951835388,0.14581657526611597,20
175,EfficientNet,pretrained,validation_w/o_arg,26,0.9601149782538414,0.9599558286368847,0.0018242242643458561,20,0.18315090984106058,0.19386544730514282,0.14580502149451494,20
176,EfficientNet,pretrained,validation_w/o_arg,27,0.9601407740265131,0.959944978542626,0.0018633056104801844,20,0.18313016742467875,0.19382247943431136,0.14577513173409476,20
177,EfficientNet,pretrained,validation_w/o_arg,28,0.9601918440312147,0.9599469123408199,0.0018466208806942883,20,0.1829961091279983,0.19374470375478264,0.1457482804686601,20
178,EfficientNet,pretrained,validation_w/o_arg,29,0.9601871836930513,0.9599060276523232,0.0018684238093127114,20,0.1828748732805252,0.19365614429116246,0.14568817741033357,20
179,EfficientNet,pretrained,validation_w/o_arg,30,0.960283599793911,0.9599133472889662,0.0018842112232639809,20,0.18280300498008722,0.19359742831438775,0.14567614024394138,20
